{
  "n_blue": 5,
  "n_red": 5,
  "blue_seeds": [
    106,
    109,
    112,
    116,
    125
  ],
  "red_seeds": [
    104,
    107,
    108,
    119,
    124
  ],
  "blue_goal_steps": [
    236,
    365,
    174,
    106,
    307
  ],
  "red_goal_steps": [
    316,
    204,
    72,
    122,
    344
  ],
  "blue_final_v": [
    0.0454828217625618,
    0.05316668003797531,
    0.11640956252813339,
    0.005983385257422924,
    0.03172485902905464
  ],
  "red_final_v": [
    -0.026249993592500687,
    -0.04661004617810249,
    0.002920549362897873,
    0.25482967495918274,
    0.011251972988247871
  ],
  "checkpoint": "experiments/61xajhha/model_049520.pt"
}