{
  "n_passes": 0.875,
  "n_passes_std": 0.7806247497997998,
  "mean_pass_length": 12.06484843666355,
  "mean_pass_length_std": 11.69314895809889,
  "n_double_passes": 0.09375,
  "n_double_passes_std": 0.19515618744994995,
  "n_triple_passes": 0.046875,
  "n_triple_passes_std": 0.14574029770451274,
  "n_dribbles": 19.296875,
  "n_dribbles_std": 6.5489256931480755,
  "goalie_frac": 0.3515625,
  "goalie_frac_std": 0.16491729720448395,
  "goalie_rotations": 1.96875,
  "goalie_rotations_std": 1.1452176376130434,
  "off_while_def_frac": 0.5039608183914324,
  "off_while_def_frac_std": 0.21730825692394606,
  "off_while_def_mean_count": 0.8548570605251312,
  "off_while_def_mean_count_std": 0.449488804262906,
  "def_while_off_frac": 0.96875,
  "def_while_off_frac_std": 0.12103072956898178,
  "def_while_off_mean_count": 3.104960049876799,
  "def_while_off_mean_count_std": 0.5706201971793674,
  "velocity_toward_ball": 0.27105727314483374,
  "velocity_toward_ball_std": 0.043815353687793414,
  "formation_compactness": 16.385301023721695,
  "formation_compactness_std": 1.7371444616080662,
  "mean_forward_press_x": -14.017282966524363,
  "mean_forward_press_x_std": 3.3352193286988583,
  "ball_x_entropy": 1.9958307080982614,
  "ball_x_entropy_std": 0.1305429719726317,
  "num_touches": 59.125,
  "num_touches_std": 13.348103797918265,
  "game_length_steps": 402.0,
  "game_length_steps_std": 0.0,
  "num_games": 32,
  "game_length": 400,
  "checkpoint": "sbatch-tmp/6856525/Puffer-Soccer-replication/experiments/61xajhha/model_008200.pt",
  "epoch": 8200
}