{
  "n_passes": 0.90625,
  "n_passes_std": 0.5650981662507851,
  "mean_pass_length": 13.863847683804732,
  "mean_pass_length_std": 14.359607758265335,
  "n_double_passes": 0.046875,
  "n_double_passes_std": 0.14574029770451274,
  "n_triple_passes": 0.015625,
  "n_triple_passes_std": 0.08699631816921909,
  "n_dribbles": 22.578125,
  "n_dribbles_std": 4.067995081655704,
  "goalie_frac": 0.44142568407960203,
  "goalie_frac_std": 0.16098599875830152,
  "goalie_rotations": 2.25,
  "goalie_rotations_std": 1.5512092057488571,
  "off_while_def_frac": 0.3769340495407636,
  "off_while_def_frac_std": 0.2413528738536815,
  "off_while_def_mean_count": 0.575965608105379,
  "off_while_def_mean_count_std": 0.3825128151512253,
  "def_while_off_frac": 0.9738056126436448,
  "def_while_off_frac_std": 0.09469469746687113,
  "def_while_off_mean_count": 3.1690955379153123,
  "def_while_off_mean_count_std": 0.5493743398221844,
  "velocity_toward_ball": 0.2892618104815483,
  "velocity_toward_ball_std": 0.04524764906069251,
  "formation_compactness": 16.08928421139717,
  "formation_compactness_std": 1.363970106455727,
  "mean_forward_press_x": -17.476355391554534,
  "mean_forward_press_x_std": 3.6577329974827495,
  "ball_x_entropy": 2.0185697622918166,
  "ball_x_entropy_std": 0.14429502605172326,
  "num_touches": 69.3125,
  "num_touches_std": 10.144079246042985,
  "game_length_steps": 402.0,
  "game_length_steps_std": 0.0,
  "num_games": 32,
  "game_length": 400,
  "checkpoint": "sbatch-tmp/6856525/Puffer-Soccer-replication/experiments/61xajhha/model_015200.pt",
  "epoch": 15200
}