{
  "n_passes": 0.765625,
  "n_passes_std": 0.544638283060418,
  "mean_pass_length": 13.188052986050025,
  "mean_pass_length_std": 12.146140384625543,
  "n_double_passes": 0.140625,
  "n_double_passes_std": 0.2572199630180364,
  "n_triple_passes": 0.0,
  "n_triple_passes_std": 0.0,
  "n_dribbles": 15.625,
  "n_dribbles_std": 6.006506888366982,
  "goalie_frac": 0.32470460199004975,
  "goalie_frac_std": 0.11817472465327318,
  "goalie_rotations": 1.96875,
  "goalie_rotations_std": 1.3689497571130944,
  "off_while_def_frac": 0.3523442536272811,
  "off_while_def_frac_std": 0.21338997240425525,
  "off_while_def_mean_count": 0.6379829096421211,
  "off_while_def_mean_count_std": 0.44923232959054654,
  "def_while_off_frac": 0.9514069591646444,
  "def_while_off_frac_std": 0.1558319352044251,
  "def_while_off_mean_count": 3.132179575676892,
  "def_while_off_mean_count_std": 0.6775861074536687,
  "velocity_toward_ball": 0.2658123860019259,
  "velocity_toward_ball_std": 0.06841425934662491,
  "formation_compactness": 15.253735840320587,
  "formation_compactness_std": 1.7719924118373531,
  "mean_forward_press_x": -16.094165187329054,
  "mean_forward_press_x_std": 4.462816195053636,
  "ball_x_entropy": 1.9399946511949901,
  "ball_x_entropy_std": 0.3980748984390745,
  "num_touches": 50.09375,
  "num_touches_std": 14.676425346026873,
  "game_length_steps": 402.0,
  "game_length_steps_std": 0.0,
  "num_games": 32,
  "game_length": 400,
  "checkpoint": "sbatch-tmp/6856525/Puffer-Soccer-replication/experiments/61xajhha/model_009200.pt",
  "epoch": 9200
}