{
  "n_passes": 1.21875,
  "n_passes_std": 0.9264979425233496,
  "mean_pass_length": 16.79038430346797,
  "mean_pass_length_std": 11.619698137289488,
  "n_double_passes": 0.15625,
  "n_double_passes_std": 0.2633171804117612,
  "n_triple_passes": 0.046875,
  "n_triple_passes_std": 0.19200321449132043,
  "n_dribbles": 18.671875,
  "n_dribbles_std": 5.119828755376004,
  "goalie_frac": 0.3638448383084577,
  "goalie_frac_std": 0.158046476337115,
  "goalie_rotations": 1.734375,
  "goalie_rotations_std": 1.274659114969567,
  "off_while_def_frac": 0.40456888332180396,
  "off_while_def_frac_std": 0.2340381650106286,
  "off_while_def_mean_count": 0.6306926400295021,
  "off_while_def_mean_count_std": 0.4010002501180056,
  "def_while_off_frac": 0.9937214696369001,
  "def_while_off_frac_std": 0.02363931515449741,
  "def_while_off_mean_count": 3.3098275284678285,
  "def_while_off_mean_count_std": 0.35137692556391786,
  "velocity_toward_ball": 0.28173113393131644,
  "velocity_toward_ball_std": 0.06747030776433204,
  "formation_compactness": 15.617122650146484,
  "formation_compactness_std": 1.6272581776732717,
  "mean_forward_press_x": -15.60938423871994,
  "mean_forward_press_x_std": 2.8548653373561335,
  "ball_x_entropy": 1.9700649158311347,
  "ball_x_entropy_std": 0.27934259979304804,
  "num_touches": 57.0625,
  "num_touches_std": 13.221520099822108,
  "game_length_steps": 402.0,
  "game_length_steps_std": 0.0,
  "num_games": 32,
  "game_length": 400,
  "checkpoint": "sbatch-tmp/6856525/Puffer-Soccer-replication/experiments/61xajhha/model_010200.pt",
  "epoch": 10200
}