{
  "n_passes": 1.078125,
  "n_passes_std": 0.6009026413446691,
  "mean_pass_length": 8.98714102183779,
  "mean_pass_length_std": 7.201251351884197,
  "n_double_passes": 0.171875,
  "n_double_passes_std": 0.23747943989954162,
  "n_triple_passes": 0.0,
  "n_triple_passes_std": 0.0,
  "n_dribbles": 27.5625,
  "n_dribbles_std": 6.574988117859986,
  "goalie_frac": 0.4797108208955224,
  "goalie_frac_std": 0.1303704344799457,
  "goalie_rotations": 3.9375,
  "goalie_rotations_std": 2.387303656848035,
  "off_while_def_frac": 0.3754201073535522,
  "off_while_def_frac_std": 0.24202325868804636,
  "off_while_def_mean_count": 0.5335708343059486,
  "off_while_def_mean_count_std": 0.36157039303584,
  "def_while_off_frac": 0.9871233139117975,
  "def_while_off_frac_std": 0.060720270672252497,
  "def_while_off_mean_count": 3.233217238640608,
  "def_while_off_mean_count_std": 0.474186083289614,
  "velocity_toward_ball": 0.31689629843458533,
  "velocity_toward_ball_std": 0.04397440430046328,
  "formation_compactness": 15.992443040013313,
  "formation_compactness_std": 1.417767433590921,
  "mean_forward_press_x": -18.03632753295824,
  "mean_forward_press_x_std": 3.5688232354568794,
  "ball_x_entropy": 2.0624349595551172,
  "ball_x_entropy_std": 0.14340262764842734,
  "num_touches": 80.8125,
  "num_touches_std": 14.524628867891943,
  "game_length_steps": 402.0,
  "game_length_steps_std": 0.0,
  "num_games": 32,
  "game_length": 400,
  "checkpoint": "sbatch-tmp/6856525/Puffer-Soccer-replication/experiments/61xajhha/model_032200.pt",
  "epoch": 32200
}