{
  "n_passes": 0.8125,
  "n_passes_std": 0.7261843774138906,
  "mean_pass_length": 11.124997085891664,
  "mean_pass_length_std": 12.858949333926281,
  "n_double_passes": 0.140625,
  "n_double_passes_std": 0.2572199630180364,
  "n_triple_passes": 0.015625,
  "n_triple_passes_std": 0.08699631816921909,
  "n_dribbles": 29.046875,
  "n_dribbles_std": 5.866162735074352,
  "goalie_frac": 0.5216884328358209,
  "goalie_frac_std": 0.16530592924272347,
  "goalie_rotations": 3.8125,
  "goalie_rotations_std": 2.167768149503078,
  "off_while_def_frac": 0.31082346776215625,
  "off_while_def_frac_std": 0.19894017864629793,
  "off_while_def_mean_count": 0.4316397687584407,
  "off_while_def_mean_count_std": 0.33509407672305436,
  "def_while_off_frac": 0.9823717948717949,
  "def_while_off_frac_std": 0.08735076971097208,
  "def_while_off_mean_count": 3.2425859651478626,
  "def_while_off_mean_count_std": 0.5549920557929905,
  "velocity_toward_ball": 0.2758105657994747,
  "velocity_toward_ball_std": 0.038066891934924955,
  "formation_compactness": 16.64851303398609,
  "formation_compactness_std": 1.8844388310703906,
  "mean_forward_press_x": -19.753745663911104,
  "mean_forward_press_x_std": 4.7953104429007,
  "ball_x_entropy": 2.08028355712847,
  "ball_x_entropy_std": 0.14398682008842664,
  "num_touches": 82.96875,
  "num_touches_std": 11.59332883332048,
  "game_length_steps": 402.0,
  "game_length_steps_std": 0.0,
  "num_games": 32,
  "game_length": 400,
  "checkpoint": "sbatch-tmp/6856525/Puffer-Soccer-replication/experiments/61xajhha/model_031200.pt",
  "epoch": 31200
}