{
  "n_passes": 0.765625,
  "n_passes_std": 0.5860937291722204,
  "mean_pass_length": 12.581196444729965,
  "mean_pass_length_std": 15.027030764842909,
  "n_double_passes": 0.078125,
  "n_double_passes_std": 0.18154609435347266,
  "n_triple_passes": 0.03125,
  "n_triple_passes_std": 0.12103072956898178,
  "n_dribbles": 26.828125,
  "n_dribbles_std": 8.863204639653482,
  "goalie_frac": 0.5091340174129353,
  "goalie_frac_std": 0.12914400226772837,
  "goalie_rotations": 4.375,
  "goalie_rotations_std": 2.8777161083053344,
  "off_while_def_frac": 0.4074212547537275,
  "off_while_def_frac_std": 0.21517850631474622,
  "off_while_def_mean_count": 0.5394576051885904,
  "off_while_def_mean_count_std": 0.3228519023966042,
  "def_while_off_frac": 0.9749981094978826,
  "def_while_off_frac_std": 0.09483022772846166,
  "def_while_off_mean_count": 3.227228725831382,
  "def_while_off_mean_count_std": 0.4989150052542876,
  "velocity_toward_ball": 0.27623277227394283,
  "velocity_toward_ball_std": 0.03246942754154001,
  "formation_compactness": 17.097910031676292,
  "formation_compactness_std": 1.6214262451379067,
  "mean_forward_press_x": -18.9471680726856,
  "mean_forward_press_x_std": 2.9999274444258397,
  "ball_x_entropy": 2.068960013755416,
  "ball_x_entropy_std": 0.14331313630998355,
  "num_touches": 77.5,
  "num_touches_std": 18.975312909145924,
  "game_length_steps": 402.0,
  "game_length_steps_std": 0.0,
  "num_games": 32,
  "game_length": 400,
  "checkpoint": "sbatch-tmp/6856525/Puffer-Soccer-replication/experiments/61xajhha/model_043200.pt",
  "epoch": 43200
}