{
  "n_passes": 1.0625,
  "n_passes_std": 0.7880950133074057,
  "mean_pass_length": 8.151319893154625,
  "mean_pass_length_std": 6.387252131724508,
  "n_double_passes": 0.109375,
  "n_double_passes_std": 0.2415566380271923,
  "n_triple_passes": 0.015625,
  "n_triple_passes_std": 0.08699631816921909,
  "n_dribbles": 26.078125,
  "n_dribbles_std": 5.272436247540125,
  "goalie_frac": 0.5259639303482587,
  "goalie_frac_std": 0.14832733266693038,
  "goalie_rotations": 4.28125,
  "goalie_rotations_std": 2.8060690364814618,
  "off_while_def_frac": 0.4299757360905348,
  "off_while_def_frac_std": 0.2568128420943466,
  "off_while_def_mean_count": 0.6688230157413895,
  "off_while_def_mean_count_std": 0.45750063478602754,
  "def_while_off_frac": 1.0,
  "def_while_off_frac_std": 0.0,
  "def_while_off_mean_count": 3.3182401825404195,
  "def_while_off_mean_count_std": 0.4518777938513352,
  "velocity_toward_ball": 0.2787572911474854,
  "velocity_toward_ball_std": 0.02749370575594228,
  "formation_compactness": 16.36974696815014,
  "formation_compactness_std": 1.4855195913318784,
  "mean_forward_press_x": -18.784432508051395,
  "mean_forward_press_x_std": 4.9283758896649195,
  "ball_x_entropy": 2.056487057900873,
  "ball_x_entropy_std": 0.12023831308431272,
  "num_touches": 78.375,
  "num_touches_std": 11.038993387080183,
  "game_length_steps": 402.0,
  "game_length_steps_std": 0.0,
  "num_games": 32,
  "game_length": 400,
  "checkpoint": "sbatch-tmp/6856525/Puffer-Soccer-replication/experiments/61xajhha/model_046200.pt",
  "epoch": 46200
}