{
  "n_passes": 0.828125,
  "n_passes_std": 0.6568077986557407,
  "mean_pass_length": 9.753868886269629,
  "mean_pass_length_std": 9.14676483977396,
  "n_double_passes": 0.125,
  "n_double_passes_std": 0.25,
  "n_triple_passes": 0.0,
  "n_triple_passes_std": 0.0,
  "n_dribbles": 26.265625,
  "n_dribbles_std": 7.030051981271191,
  "goalie_frac": 0.5544542910447761,
  "goalie_frac_std": 0.16822591472039575,
  "goalie_rotations": 4.125,
  "goalie_rotations_std": 2.0463381929681126,
  "off_while_def_frac": 0.3492243051501366,
  "off_while_def_frac_std": 0.22866121416325733,
  "off_while_def_mean_count": 0.4766924234690866,
  "off_while_def_mean_count_std": 0.3373357358721082,
  "def_while_off_frac": 1.0,
  "def_while_off_frac_std": 0.0,
  "def_while_off_mean_count": 3.392915327344834,
  "def_while_off_mean_count_std": 0.34793622370085364,
  "velocity_toward_ball": 0.2830034061335027,
  "velocity_toward_ball_std": 0.031225309138664323,
  "formation_compactness": 16.959741935133934,
  "formation_compactness_std": 1.7189590405826671,
  "mean_forward_press_x": -20.31004048883915,
  "mean_forward_press_x_std": 3.441244440290706,
  "ball_x_entropy": 2.089564595605159,
  "ball_x_entropy_std": 0.11011877867594544,
  "num_touches": 76.46875,
  "num_touches_std": 15.134778605499983,
  "game_length_steps": 402.0,
  "game_length_steps_std": 0.0,
  "num_games": 32,
  "game_length": 400,
  "checkpoint": "sbatch-tmp/6856525/Puffer-Soccer-replication/experiments/61xajhha/model_023200.pt",
  "epoch": 23200
}