{
  "n_passes": 0.171875,
  "n_passes_std": 0.32135880939379896,
  "mean_pass_length": 3.975852683186531,
  "mean_pass_length_std": 7.3932476564774685,
  "n_double_passes": 0.03125,
  "n_double_passes_std": 0.12103072956898178,
  "n_triple_passes": 0.0,
  "n_triple_passes_std": 0.0,
  "n_dribbles": 3.359375,
  "n_dribbles_std": 3.194806271024113,
  "goalie_frac": 0.3755052860696518,
  "goalie_frac_std": 0.29182762417664165,
  "goalie_rotations": 0.546875,
  "goalie_rotations_std": 0.80389068558791,
  "off_while_def_frac": 0.0959478844900985,
  "off_while_def_frac_std": 0.1516637924341062,
  "off_while_def_mean_count": 0.10639654823845293,
  "off_while_def_mean_count_std": 0.17735957350640927,
  "def_while_off_frac": 0.765625,
  "def_while_off_frac_std": 0.30578727798095195,
  "def_while_off_mean_count": 3.1457152057002924,
  "def_while_off_mean_count_std": 1.2078141117221208,
  "velocity_toward_ball": 0.08931510733964387,
  "velocity_toward_ball_std": 0.04403170526503645,
  "formation_compactness": 16.799440249800682,
  "formation_compactness_std": 1.8340591202740808,
  "mean_forward_press_x": -20.83147270232439,
  "mean_forward_press_x_std": 4.536100805013381,
  "ball_x_entropy": 0.8956300186698825,
  "ball_x_entropy_std": 0.6066206670501139,
  "num_touches": 10.15625,
  "num_touches_std": 8.85688071148641,
  "game_length_steps": 402.0,
  "game_length_steps_std": 0.0,
  "num_games": 32,
  "game_length": 400,
  "checkpoint": "sbatch-tmp/6856525/Puffer-Soccer-replication/experiments/61xajhha/model_001200.pt",
  "epoch": 1200
}