{
  "n_passes": 1.15625,
  "n_passes_std": 0.6665852814906732,
  "mean_pass_length": 15.589895233170441,
  "mean_pass_length_std": 12.11549573084605,
  "n_double_passes": 0.171875,
  "n_double_passes_std": 0.23747943989954162,
  "n_triple_passes": 0.0625,
  "n_triple_passes_std": 0.16535945694153692,
  "n_dribbles": 19.65625,
  "n_dribbles_std": 4.9740537730808665,
  "goalie_frac": 0.41666666666666663,
  "goalie_frac_std": 0.1723268132426359,
  "goalie_rotations": 1.875,
  "goalie_rotations_std": 1.3110110602126894,
  "off_while_def_frac": 0.4350400310559017,
  "off_while_def_frac_std": 0.21609850849492077,
  "off_while_def_mean_count": 0.6339428075381436,
  "off_while_def_mean_count_std": 0.3877747512076155,
  "def_while_off_frac": 0.96875,
  "def_while_off_frac_std": 0.12103072956898178,
  "def_while_off_mean_count": 3.261679403472465,
  "def_while_off_mean_count_std": 0.6281101308151219,
  "velocity_toward_ball": 0.27223340212367475,
  "velocity_toward_ball_std": 0.04509481915635252,
  "formation_compactness": 16.16475346684456,
  "formation_compactness_std": 1.5925162508548398,
  "mean_forward_press_x": -16.927846483886242,
  "mean_forward_press_x_std": 2.9620121583140144,
  "ball_x_entropy": 2.0008570391925593,
  "ball_x_entropy_std": 0.16412412695659426,
  "num_touches": 60.28125,
  "num_touches_std": 14.076208595978535,
  "game_length_steps": 402.0,
  "game_length_steps_std": 0.0,
  "num_games": 32,
  "game_length": 400,
  "checkpoint": "sbatch-tmp/6856525/Puffer-Soccer-replication/experiments/61xajhha/model_013200.pt",
  "epoch": 13200
}