{
  "n_passes": 0.59375,
  "n_passes_std": 0.4408354993645589,
  "mean_pass_length": 11.801735521604618,
  "mean_pass_length_std": 8.04105494929726,
  "n_double_passes": 0.078125,
  "n_double_passes_std": 0.18154609435347266,
  "n_triple_passes": 0.0,
  "n_triple_passes_std": 0.0,
  "n_dribbles": 13.5625,
  "n_dribbles_std": 5.040073784182132,
  "goalie_frac": 0.3744947139303483,
  "goalie_frac_std": 0.2035367480474044,
  "goalie_rotations": 0.8125,
  "goalie_rotations_std": 0.9078649403958718,
  "off_while_def_frac": 0.4466955275768715,
  "off_while_def_frac_std": 0.2266775972648081,
  "off_while_def_mean_count": 0.7671594573390352,
  "off_while_def_mean_count_std": 0.4440583447910659,
  "def_while_off_frac": 0.967485119047619,
  "def_while_off_frac_std": 0.12090897435265412,
  "def_while_off_mean_count": 3.3285686794876073,
  "def_while_off_mean_count_std": 0.6999923472978192,
  "velocity_toward_ball": 0.20505009322369006,
  "velocity_toward_ball_std": 0.05709012344070343,
  "formation_compactness": 17.89780703186989,
  "formation_compactness_std": 2.188470392327857,
  "mean_forward_press_x": -14.933257732191123,
  "mean_forward_press_x_std": 4.25665249529771,
  "ball_x_entropy": 1.805121587678396,
  "ball_x_entropy_std": 0.42103451996163843,
  "num_touches": 39.6875,
  "num_touches_std": 14.980064878030403,
  "game_length_steps": 402.0,
  "game_length_steps_std": 0.0,
  "num_games": 32,
  "game_length": 400,
  "checkpoint": "sbatch-tmp/6856525/Puffer-Soccer-replication/experiments/61xajhha/model_006200.pt",
  "epoch": 6200
}