{
  "n_passes": 1.265625,
  "n_passes_std": 0.6729642333549384,
  "mean_pass_length": 15.14397760325422,
  "mean_pass_length_std": 8.99189401023366,
  "n_double_passes": 0.15625,
  "n_double_passes_std": 0.23175620272173947,
  "n_triple_passes": 0.046875,
  "n_triple_passes_std": 0.14574029770451274,
  "n_dribbles": 21.171875,
  "n_dribbles_std": 4.979033187715764,
  "goalie_frac": 0.4703047263681592,
  "goalie_frac_std": 0.14097922313709985,
  "goalie_rotations": 2.375,
  "goalie_rotations_std": 1.3975424859373686,
  "off_while_def_frac": 0.40957512593786777,
  "off_while_def_frac_std": 0.24050733204826555,
  "off_while_def_mean_count": 0.549454138034178,
  "off_while_def_mean_count_std": 0.37649999366312914,
  "def_while_off_frac": 0.9834849683544304,
  "def_while_off_frac_std": 0.0869775990258959,
  "def_while_off_mean_count": 3.184055429745006,
  "def_while_off_mean_count_std": 0.48402534607978637,
  "velocity_toward_ball": 0.27899247873574495,
  "velocity_toward_ball_std": 0.04108255420452337,
  "formation_compactness": 16.8250759691,
  "formation_compactness_std": 1.3392131103988476,
  "mean_forward_press_x": -17.247042760252953,
  "mean_forward_press_x_std": 3.670059688628915,
  "ball_x_entropy": 2.044568593722737,
  "ball_x_entropy_std": 0.14921569455757538,
  "num_touches": 65.78125,
  "num_touches_std": 11.653149721749053,
  "game_length_steps": 402.0,
  "game_length_steps_std": 0.0,
  "num_games": 32,
  "game_length": 400,
  "checkpoint": "sbatch-tmp/6856525/Puffer-Soccer-replication/experiments/61xajhha/model_017200.pt",
  "epoch": 17200
}