{
  "n_passes": 0.9375,
  "n_passes_std": 0.8267972847076845,
  "mean_pass_length": 11.932092184759677,
  "mean_pass_length_std": 9.631597971631992,
  "n_double_passes": 0.125,
  "n_double_passes_std": 0.25,
  "n_triple_passes": 0.046875,
  "n_triple_passes_std": 0.14574029770451274,
  "n_dribbles": 23.90625,
  "n_dribbles_std": 6.17256720801807,
  "goalie_frac": 0.5085121268656717,
  "goalie_frac_std": 0.17016268356385858,
  "goalie_rotations": 2.625,
  "goalie_rotations_std": 2.0615528128088303,
  "off_while_def_frac": 0.3881798694234265,
  "off_while_def_frac_std": 0.25129582328367617,
  "off_while_def_mean_count": 0.5826980176715923,
  "off_while_def_mean_count_std": 0.48956292695972087,
  "def_while_off_frac": 1.0,
  "def_while_off_frac_std": 0.0,
  "def_while_off_mean_count": 3.293427354403208,
  "def_while_off_mean_count_std": 0.361978264833095,
  "velocity_toward_ball": 0.2724922737106681,
  "velocity_toward_ball_std": 0.043045415520029336,
  "formation_compactness": 16.006971433758736,
  "formation_compactness_std": 1.6729827779979354,
  "mean_forward_press_x": -18.63003037357703,
  "mean_forward_press_x_std": 3.7760014106191933,
  "ball_x_entropy": 2.035954711287431,
  "ball_x_entropy_std": 0.13659036610572745,
  "num_touches": 69.625,
  "num_touches_std": 12.822709347091978,
  "game_length_steps": 402.0,
  "game_length_steps_std": 0.0,
  "num_games": 32,
  "game_length": 400,
  "checkpoint": "sbatch-tmp/6856525/Puffer-Soccer-replication/experiments/61xajhha/model_016200.pt",
  "epoch": 16200
}