{
  "n_passes": 0.984375,
  "n_passes_std": 0.6901582132924305,
  "mean_pass_length": 10.541431049835712,
  "mean_pass_length_std": 10.152448830062177,
  "n_double_passes": 0.09375,
  "n_double_passes_std": 0.19515618744994995,
  "n_triple_passes": 0.0,
  "n_triple_passes_std": 0.0,
  "n_dribbles": 28.1875,
  "n_dribbles_std": 5.013653233920351,
  "goalie_frac": 0.5528995646766169,
  "goalie_frac_std": 0.13561705645659594,
  "goalie_rotations": 4.359375,
  "goalie_rotations_std": 2.0048159789304854,
  "off_while_def_frac": 0.35562019798128464,
  "off_while_def_frac_std": 0.2167957268702194,
  "off_while_def_mean_count": 0.4903778760439848,
  "off_while_def_mean_count_std": 0.3648465140566292,
  "def_while_off_frac": 0.9952221074380165,
  "def_while_off_frac_std": 0.02660217993604221,
  "def_while_off_mean_count": 3.249955719390689,
  "def_while_off_mean_count_std": 0.37210063945742977,
  "velocity_toward_ball": 0.2693906215718016,
  "velocity_toward_ball_std": 0.0478469772988424,
  "formation_compactness": 16.490218818187714,
  "formation_compactness_std": 1.7314402473855017,
  "mean_forward_press_x": -20.27672535413876,
  "mean_forward_press_x_std": 3.915211126983003,
  "ball_x_entropy": 2.064305005937201,
  "ball_x_entropy_std": 0.11467848158923434,
  "num_touches": 81.28125,
  "num_touches_std": 11.64644359611551,
  "game_length_steps": 402.0,
  "game_length_steps_std": 0.0,
  "num_games": 32,
  "game_length": 400,
  "checkpoint": "sbatch-tmp/6856525/Puffer-Soccer-replication/experiments/61xajhha/model_048200.pt",
  "epoch": 48200
}