{
  "n_passes": 0.296875,
  "n_passes_std": 0.4304680410611222,
  "mean_pass_length": 5.454189131657282,
  "mean_pass_length_std": 9.207423581695442,
  "n_double_passes": 0.09375,
  "n_double_passes_std": 0.19515618744994995,
  "n_triple_passes": 0.015625,
  "n_triple_passes_std": 0.08699631816921909,
  "n_dribbles": 2.875,
  "n_dribbles_std": 2.8422042502255183,
  "goalie_frac": 0.5118159203980099,
  "goalie_frac_std": 0.28671666637519955,
  "goalie_rotations": 0.625,
  "goalie_rotations_std": 1.1726039399558574,
  "off_while_def_frac": 0.15639593137171148,
  "off_while_def_frac_std": 0.21939648373618126,
  "off_while_def_mean_count": 0.26477127248753923,
  "off_while_def_mean_count_std": 0.46636078665034125,
  "def_while_off_frac": 0.8017880154639175,
  "def_while_off_frac_std": 0.2411097277023647,
  "def_while_off_mean_count": 2.7667241136106013,
  "def_while_off_mean_count_std": 0.8604517895962166,
  "velocity_toward_ball": 0.08904493206864572,
  "velocity_toward_ball_std": 0.046661161397413733,
  "formation_compactness": 17.977296575903893,
  "formation_compactness_std": 2.2862017326465733,
  "mean_forward_press_x": -19.140201241709292,
  "mean_forward_press_x_std": 4.633666486608504,
  "ball_x_entropy": 0.9863526675965413,
  "ball_x_entropy_std": 0.59837972231037,
  "num_touches": 8.65625,
  "num_touches_std": 7.23105012688337,
  "game_length_steps": 402.0,
  "game_length_steps_std": 0.0,
  "num_games": 32,
  "game_length": 400,
  "checkpoint": "sbatch-tmp/6856525/Puffer-Soccer-replication/experiments/61xajhha/model_000200.pt",
  "epoch": 200
}