{
  "n_passes": 1.171875,
  "n_passes_std": 0.6915717492603353,
  "mean_pass_length": 11.411373103037477,
  "mean_pass_length_std": 7.450349556451244,
  "n_double_passes": 0.09375,
  "n_double_passes_std": 0.19515618744994995,
  "n_triple_passes": 0.0,
  "n_triple_passes_std": 0.0,
  "n_dribbles": 21.4375,
  "n_dribbles_std": 6.690419923293305,
  "goalie_frac": 0.39851523631840796,
  "goalie_frac_std": 0.13633553560497777,
  "goalie_rotations": 1.9375,
  "goalie_rotations_std": 1.3390178303517843,
  "off_while_def_frac": 0.42952717297984877,
  "off_while_def_frac_std": 0.2792969388177293,
  "off_while_def_mean_count": 0.6719394565540286,
  "off_while_def_mean_count_std": 0.5433683717647985,
  "def_while_off_frac": 0.9682334710743802,
  "def_while_off_frac_std": 0.12093149014301371,
  "def_while_off_mean_count": 3.2297186788052095,
  "def_while_off_mean_count_std": 0.5876743563569256,
  "velocity_toward_ball": 0.28959635412320495,
  "velocity_toward_ball_std": 0.04153528502713262,
  "formation_compactness": 14.875639751553535,
  "formation_compactness_std": 1.536117639522219,
  "mean_forward_press_x": -16.629578570835292,
  "mean_forward_press_x_std": 3.8104350887599336,
  "ball_x_entropy": 1.9806005892868404,
  "ball_x_entropy_std": 0.14151717947344933,
  "num_touches": 65.21875,
  "num_touches_std": 14.408622364317138,
  "game_length_steps": 402.0,
  "game_length_steps_std": 0.0,
  "num_games": 32,
  "game_length": 400,
  "checkpoint": "sbatch-tmp/6856525/Puffer-Soccer-replication/experiments/61xajhha/model_011200.pt",
  "epoch": 11200
}