{
  "n_passes": 1.03125,
  "n_passes_std": 0.5854685623498498,
  "mean_pass_length": 16.667951104541622,
  "mean_pass_length_std": 11.99306658350343,
  "n_double_passes": 0.125,
  "n_double_passes_std": 0.25,
  "n_triple_passes": 0.015625,
  "n_triple_passes_std": 0.08699631816921909,
  "n_dribbles": 21.1875,
  "n_dribbles_std": 4.699983377630181,
  "goalie_frac": 0.45537935323383083,
  "goalie_frac_std": 0.13500388332230914,
  "goalie_rotations": 1.828125,
  "goalie_rotations_std": 1.3146373965375395,
  "off_while_def_frac": 0.41629262344365353,
  "off_while_def_frac_std": 0.215066756524771,
  "off_while_def_mean_count": 0.5601371607506496,
  "off_while_def_mean_count_std": 0.3428058784553529,
  "def_while_off_frac": 0.9596981477563521,
  "def_while_off_frac_std": 0.15668631420685417,
  "def_while_off_mean_count": 3.1451967542984742,
  "def_while_off_mean_count_std": 0.729565635192962,
  "velocity_toward_ball": 0.2543278431985527,
  "velocity_toward_ball_std": 0.03940178127205202,
  "formation_compactness": 16.147807717323303,
  "formation_compactness_std": 1.2889692928509326,
  "mean_forward_press_x": -16.988937456160784,
  "mean_forward_press_x_std": 3.799142388847159,
  "ball_x_entropy": 2.0520834352119532,
  "ball_x_entropy_std": 0.12605421287779084,
  "num_touches": 62.90625,
  "num_touches_std": 10.809022200805215,
  "game_length_steps": 402.0,
  "game_length_steps_std": 0.0,
  "num_games": 32,
  "game_length": 400,
  "checkpoint": "sbatch-tmp/6856525/Puffer-Soccer-replication/experiments/61xajhha/model_014200.pt",
  "epoch": 14200
}