{
  "n_passes": 1.03125,
  "n_passes_std": 0.7799989983967928,
  "mean_pass_length": 13.279613186915716,
  "mean_pass_length_std": 15.562060155718616,
  "n_double_passes": 0.0625,
  "n_double_passes_std": 0.16535945694153692,
  "n_triple_passes": 0.015625,
  "n_triple_passes_std": 0.08699631816921909,
  "n_dribbles": 27.40625,
  "n_dribbles_std": 5.908729638213277,
  "goalie_frac": 0.5899409203980099,
  "goalie_frac_std": 0.15049636807133482,
  "goalie_rotations": 5.21875,
  "goalie_rotations_std": 3.1072935872717276,
  "off_while_def_frac": 0.37387602172139056,
  "off_while_def_frac_std": 0.18481397150459383,
  "off_while_def_mean_count": 0.49599087090725946,
  "off_while_def_mean_count_std": 0.2597155501889165,
  "def_while_off_frac": 0.9944791666666667,
  "def_while_off_frac_std": 0.030738699086457426,
  "def_while_off_mean_count": 3.2987816931870215,
  "def_while_off_mean_count_std": 0.32404739266012317,
  "velocity_toward_ball": 0.29328293504659086,
  "velocity_toward_ball_std": 0.03966000799533399,
  "formation_compactness": 15.908767655491829,
  "formation_compactness_std": 1.7672082838891527,
  "mean_forward_press_x": -20.76609455794096,
  "mean_forward_press_x_std": 3.1717292997699325,
  "ball_x_entropy": 2.0971121465531057,
  "ball_x_entropy_std": 0.0950797196158239,
  "num_touches": 81.5,
  "num_touches_std": 14.011156269202054,
  "game_length_steps": 402.0,
  "game_length_steps_std": 0.0,
  "num_games": 32,
  "game_length": 400,
  "checkpoint": "sbatch-tmp/6856525/Puffer-Soccer-replication/experiments/61xajhha/model_028200.pt",
  "epoch": 28200
}