{
  "n_passes": 0.609375,
  "n_passes_std": 0.47981726664950275,
  "mean_pass_length": 12.471854199965795,
  "mean_pass_length_std": 11.33411411255679,
  "n_double_passes": 0.125,
  "n_double_passes_std": 0.21650635094610965,
  "n_triple_passes": 0.0,
  "n_triple_passes_std": 0.0,
  "n_dribbles": 9.578125,
  "n_dribbles_std": 4.63362266314112,
  "goalie_frac": 0.45502953980099503,
  "goalie_frac_std": 0.166066642568334,
  "goalie_rotations": 1.0625,
  "goalie_rotations_std": 1.4238482187368147,
  "off_while_def_frac": 0.3349572637480335,
  "off_while_def_frac_std": 0.2154526750840041,
  "off_while_def_mean_count": 0.4818698215500833,
  "off_while_def_mean_count_std": 0.3193800442867738,
  "def_while_off_frac": 0.9375,
  "def_while_off_frac_std": 0.16535945694153692,
  "def_while_off_mean_count": 3.516378321705373,
  "def_while_off_mean_count_std": 0.7038462734435621,
  "velocity_toward_ball": 0.16453846629883628,
  "velocity_toward_ball_std": 0.048615337126179006,
  "formation_compactness": 17.755754217505455,
  "formation_compactness_std": 1.8058221574322595,
  "mean_forward_press_x": -18.624004632234573,
  "mean_forward_press_x_std": 2.5078999106478115,
  "ball_x_entropy": 1.628967365395311,
  "ball_x_entropy_std": 0.4287552592765096,
  "num_touches": 27.65625,
  "num_touches_std": 11.920595032862243,
  "game_length_steps": 402.0,
  "game_length_steps_std": 0.0,
  "num_games": 32,
  "game_length": 400,
  "checkpoint": "sbatch-tmp/6856525/Puffer-Soccer-replication/experiments/61xajhha/model_005200.pt",
  "epoch": 5200
}