{
  "n_passes": 0.859375,
  "n_passes_std": 0.7829668635229718,
  "mean_pass_length": 7.4821504866704345,
  "mean_pass_length_std": 6.758177248862037,
  "n_double_passes": 0.078125,
  "n_double_passes_std": 0.22041774968227945,
  "n_triple_passes": 0.015625,
  "n_triple_passes_std": 0.08699631816921909,
  "n_dribbles": 25.921875,
  "n_dribbles_std": 5.566514527455668,
  "goalie_frac": 0.5478467039800995,
  "goalie_frac_std": 0.15202457054494875,
  "goalie_rotations": 3.96875,
  "goalie_rotations_std": 2.82272447070202,
  "off_while_def_frac": 0.37412617462882186,
  "off_while_def_frac_std": 0.20541291378322515,
  "off_while_def_mean_count": 0.5292829283172047,
  "off_while_def_mean_count_std": 0.37511977553993325,
  "def_while_off_frac": 0.984375,
  "def_while_off_frac_std": 0.08699631816921909,
  "def_while_off_mean_count": 3.3288288509827186,
  "def_while_off_mean_count_std": 0.3793519575824376,
  "velocity_toward_ball": 0.28233193745836616,
  "velocity_toward_ball_std": 0.031064084315826482,
  "formation_compactness": 16.67374074459076,
  "formation_compactness_std": 1.6187719233772515,
  "mean_forward_press_x": -20.074058189988136,
  "mean_forward_press_x_std": 4.0761047107032145,
  "ball_x_entropy": 2.025442380395669,
  "ball_x_entropy_std": 0.15607260324483319,
  "num_touches": 78.90625,
  "num_touches_std": 12.505897046493706,
  "game_length_steps": 402.0,
  "game_length_steps_std": 0.0,
  "num_games": 32,
  "game_length": 400,
  "checkpoint": "sbatch-tmp/6856525/Puffer-Soccer-replication/experiments/61xajhha/model_042200.pt",
  "epoch": 42200
}