{
  "n_passes": 1.09375,
  "n_passes_std": 0.7441175562369161,
  "mean_pass_length": 11.902812585855523,
  "mean_pass_length_std": 9.584487841921028,
  "n_double_passes": 0.15625,
  "n_double_passes_std": 0.23175620272173947,
  "n_triple_passes": 0.015625,
  "n_triple_passes_std": 0.08699631816921909,
  "n_dribbles": 22.890625,
  "n_dribbles_std": 4.694968009409116,
  "goalie_frac": 0.5058690920398009,
  "goalie_frac_std": 0.14322067554166168,
  "goalie_rotations": 2.796875,
  "goalie_rotations_std": 1.204544617013002,
  "off_while_def_frac": 0.37591177631754247,
  "off_while_def_frac_std": 0.23989509357487723,
  "off_while_def_mean_count": 0.5168820386688293,
  "off_while_def_mean_count_std": 0.36461091588266664,
  "def_while_off_frac": 0.9894921274961598,
  "def_while_off_frac_std": 0.04088673192532143,
  "def_while_off_mean_count": 3.264272235367619,
  "def_while_off_mean_count_std": 0.5601006401125511,
  "velocity_toward_ball": 0.27287595195230097,
  "velocity_toward_ball_std": 0.047144833574324085,
  "formation_compactness": 16.301188990473747,
  "formation_compactness_std": 1.6904690167284773,
  "mean_forward_press_x": -17.488322680816054,
  "mean_forward_press_x_std": 3.5899739857898236,
  "ball_x_entropy": 2.0209545860303306,
  "ball_x_entropy_std": 0.15815376751714016,
  "num_touches": 70.03125,
  "num_touches_std": 12.375591841908006,
  "game_length_steps": 402.0,
  "game_length_steps_std": 0.0,
  "num_games": 32,
  "game_length": 400,
  "checkpoint": "sbatch-tmp/6856525/Puffer-Soccer-replication/experiments/61xajhha/model_019200.pt",
  "epoch": 19200
}