{
  "n_passes": 0.40625,
  "n_passes_std": 0.5367363761661771,
  "mean_pass_length": 7.213223944728573,
  "mean_pass_length_std": 9.451102664046571,
  "n_double_passes": 0.09375,
  "n_double_passes_std": 0.19515618744994995,
  "n_triple_passes": 0.0,
  "n_triple_passes_std": 0.0,
  "n_dribbles": 6.296875,
  "n_dribbles_std": 3.688790822800203,
  "goalie_frac": 0.44721703980099503,
  "goalie_frac_std": 0.2734918685804636,
  "goalie_rotations": 0.59375,
  "goalie_rotations_std": 0.5510997527671374,
  "off_while_def_frac": 0.2645310432802,
  "off_while_def_frac_std": 0.2155919574171598,
  "off_while_def_mean_count": 0.3336392150839985,
  "off_while_def_mean_count_std": 0.2610434869557487,
  "def_while_off_frac": 0.84375,
  "def_while_off_frac_std": 0.23175620272173947,
  "def_while_off_mean_count": 3.1146139992720805,
  "def_while_off_mean_count_std": 0.9312273334210223,
  "velocity_toward_ball": 0.15321796020725742,
  "velocity_toward_ball_std": 0.06842584375228984,
  "formation_compactness": 18.074403889477253,
  "formation_compactness_std": 2.14051791036304,
  "mean_forward_press_x": -18.079017460346222,
  "mean_forward_press_x_std": 4.075340706305561,
  "ball_x_entropy": 1.3352765536169748,
  "ball_x_entropy_std": 0.5627087978700366,
  "num_touches": 18.59375,
  "num_touches_std": 10.313399581975867,
  "game_length_steps": 402.0,
  "game_length_steps_std": 0.0,
  "num_games": 32,
  "game_length": 400,
  "checkpoint": "sbatch-tmp/6856525/Puffer-Soccer-replication/experiments/61xajhha/model_003200.pt",
  "epoch": 3200
}