{
  "n_passes": 0.875,
  "n_passes_std": 0.5153882032022076,
  "mean_pass_length": 13.526250204692284,
  "mean_pass_length_std": 12.726292881006101,
  "n_double_passes": 0.078125,
  "n_double_passes_std": 0.18154609435347266,
  "n_triple_passes": 0.0,
  "n_triple_passes_std": 0.0,
  "n_dribbles": 23.890625,
  "n_dribbles_std": 6.055388064308926,
  "goalie_frac": 0.5476912313432836,
  "goalie_frac_std": 0.1643270340546929,
  "goalie_rotations": 5.5625,
  "goalie_rotations_std": 3.508360550171547,
  "off_while_def_frac": 0.3871681777423673,
  "off_while_def_frac_std": 0.25589085131129186,
  "off_while_def_mean_count": 0.4933690918205245,
  "off_while_def_mean_count_std": 0.3735095825392332,
  "def_while_off_frac": 1.0,
  "def_while_off_frac_std": 0.0,
  "def_while_off_mean_count": 3.34447474333058,
  "def_while_off_mean_count_std": 0.42188636161920834,
  "velocity_toward_ball": 0.2762541063129902,
  "velocity_toward_ball_std": 0.0353070343903384,
  "formation_compactness": 16.697384387254715,
  "formation_compactness_std": 1.9203874639154463,
  "mean_forward_press_x": -20.396452240645885,
  "mean_forward_press_x_std": 4.834511040009485,
  "ball_x_entropy": 2.0520971816716456,
  "ball_x_entropy_std": 0.12211187642678772,
  "num_touches": 71.21875,
  "num_touches_std": 14.023940189458168,
  "game_length_steps": 402.0,
  "game_length_steps_std": 0.0,
  "num_games": 32,
  "game_length": 400,
  "checkpoint": "sbatch-tmp/6856525/Puffer-Soccer-replication/experiments/61xajhha/model_035200.pt",
  "epoch": 35200
}