{
  "n_passes": 1.109375,
  "n_passes_std": 0.8360470138544841,
  "mean_pass_length": 13.737486482597888,
  "mean_pass_length_std": 12.08913465530569,
  "n_double_passes": 0.1875,
  "n_double_passes_std": 0.409839907768875,
  "n_triple_passes": 0.015625,
  "n_triple_passes_std": 0.08699631816921909,
  "n_dribbles": 19.828125,
  "n_dribbles_std": 5.953740125700398,
  "goalie_frac": 0.3254819651741293,
  "goalie_frac_std": 0.13321253986512221,
  "goalie_rotations": 1.84375,
  "goalie_rotations_std": 1.4493398281631538,
  "off_while_def_frac": 0.38356809758424215,
  "off_while_def_frac_std": 0.22187848493613108,
  "off_while_def_mean_count": 0.6652570031541813,
  "off_while_def_mean_count_std": 0.440906165802311,
  "def_while_off_frac": 0.984375,
  "def_while_off_frac_std": 0.08699631816921909,
  "def_while_off_mean_count": 3.3541070128119412,
  "def_while_off_mean_count_std": 0.5997686088610362,
  "velocity_toward_ball": 0.2767387111671269,
  "velocity_toward_ball_std": 0.060704476226191885,
  "formation_compactness": 15.821466326713562,
  "formation_compactness_std": 1.5767414135349602,
  "mean_forward_press_x": -15.068028169684112,
  "mean_forward_press_x_std": 4.019189029966027,
  "ball_x_entropy": 1.9259555011459857,
  "ball_x_entropy_std": 0.2263323062926997,
  "num_touches": 60.59375,
  "num_touches_std": 15.337575132252816,
  "game_length_steps": 402.0,
  "game_length_steps_std": 0.0,
  "num_games": 32,
  "game_length": 400,
  "checkpoint": "sbatch-tmp/6856525/Puffer-Soccer-replication/experiments/61xajhha/model_012200.pt",
  "epoch": 12200
}