{
  "n_passes": 0.4375,
  "n_passes_std": 0.480071609241788,
  "mean_pass_length": 7.306559551507235,
  "mean_pass_length_std": 7.192753279829558,
  "n_double_passes": 0.046875,
  "n_double_passes_std": 0.14574029770451274,
  "n_triple_passes": 0.015625,
  "n_triple_passes_std": 0.08699631816921909,
  "n_dribbles": 7.640625,
  "n_dribbles_std": 4.606778929943893,
  "goalie_frac": 0.43015391791044777,
  "goalie_frac_std": 0.22028428672052,
  "goalie_rotations": 0.65625,
  "goalie_rotations_std": 0.5510997527671374,
  "off_while_def_frac": 0.2792249304255032,
  "off_while_def_frac_std": 0.25443101268549584,
  "off_while_def_mean_count": 0.3591583800389767,
  "off_while_def_mean_count_std": 0.32017917697037435,
  "def_while_off_frac": 0.890625,
  "def_while_off_frac_std": 0.2415566380271923,
  "def_while_off_mean_count": 3.3380211933027626,
  "def_while_off_mean_count_std": 1.0494479580624767,
  "velocity_toward_ball": 0.13095318466366734,
  "velocity_toward_ball_std": 0.05048171439787124,
  "formation_compactness": 17.620503664016724,
  "formation_compactness_std": 2.3174739716667565,
  "mean_forward_press_x": -18.354896469274536,
  "mean_forward_press_x_std": 4.43963907666029,
  "ball_x_entropy": 1.39315406365676,
  "ball_x_entropy_std": 0.5614124443971222,
  "num_touches": 21.21875,
  "num_touches_std": 11.520998152829467,
  "game_length_steps": 402.0,
  "game_length_steps_std": 0.0,
  "num_games": 32,
  "game_length": 400,
  "checkpoint": "sbatch-tmp/6856525/Puffer-Soccer-replication/experiments/61xajhha/model_002200.pt",
  "epoch": 2200
}