{
  "n_passes": 0.890625,
  "n_passes_std": 0.6463161837483261,
  "mean_pass_length": 10.122026099202532,
  "mean_pass_length_std": 8.823895345477833,
  "n_double_passes": 0.140625,
  "n_double_passes_std": 0.22480460265528374,
  "n_triple_passes": 0.03125,
  "n_triple_passes_std": 0.12103072956898178,
  "n_dribbles": 24.578125,
  "n_dribbles_std": 6.574226873509539,
  "goalie_frac": 0.4873289800995025,
  "goalie_frac_std": 0.17113757753168693,
  "goalie_rotations": 2.640625,
  "goalie_rotations_std": 1.6734805374951331,
  "off_while_def_frac": 0.49717871938467334,
  "off_while_def_frac_std": 0.21845834795641667,
  "off_while_def_mean_count": 0.7886306982568585,
  "off_while_def_mean_count_std": 0.4655244964480239,
  "def_while_off_frac": 1.0,
  "def_while_off_frac_std": 0.0,
  "def_while_off_mean_count": 3.2245153265664817,
  "def_while_off_mean_count_std": 0.3181267511350649,
  "velocity_toward_ball": 0.26896461728028953,
  "velocity_toward_ball_std": 0.050606778287548074,
  "formation_compactness": 16.90026968717575,
  "formation_compactness_std": 1.6544599519046443,
  "mean_forward_press_x": -16.614715188741684,
  "mean_forward_press_x_std": 3.69230345420384,
  "ball_x_entropy": 2.0146846505220046,
  "ball_x_entropy_std": 0.14265127768531724,
  "num_touches": 73.09375,
  "num_touches_std": 14.228842571955738,
  "game_length_steps": 402.0,
  "game_length_steps_std": 0.0,
  "num_games": 32,
  "game_length": 400,
  "checkpoint": "sbatch-tmp/6856525/Puffer-Soccer-replication/experiments/61xajhha/model_021200.pt",
  "epoch": 21200
}