{
  "n_passes": 1.203125,
  "n_passes_std": 0.7691246546399355,
  "mean_pass_length": 10.97197006624192,
  "mean_pass_length_std": 7.834424135464658,
  "n_double_passes": 0.15625,
  "n_double_passes_std": 0.2633171804117612,
  "n_triple_passes": 0.015625,
  "n_triple_passes_std": 0.08699631816921909,
  "n_dribbles": 27.5625,
  "n_dribbles_std": 6.733486745364544,
  "goalie_frac": 0.5385572139303483,
  "goalie_frac_std": 0.17383759761995837,
  "goalie_rotations": 4.171875,
  "goalie_rotations_std": 2.303561695369803,
  "off_while_def_frac": 0.30616858705682576,
  "off_while_def_frac_std": 0.22909083849862252,
  "off_while_def_mean_count": 0.5011561843802492,
  "off_while_def_mean_count_std": 0.4506321768442652,
  "def_while_off_frac": 0.9966796875,
  "def_while_off_frac_std": 0.01848671761095905,
  "def_while_off_mean_count": 3.382525755915899,
  "def_while_off_mean_count_std": 0.4528590267123796,
  "velocity_toward_ball": 0.2862006314098835,
  "velocity_toward_ball_std": 0.04286233650748657,
  "formation_compactness": 16.629104733467102,
  "formation_compactness_std": 1.093727583373008,
  "mean_forward_press_x": -20.159602981060743,
  "mean_forward_press_x_std": 4.62369825417147,
  "ball_x_entropy": 2.0563939698399527,
  "ball_x_entropy_std": 0.09581246038256502,
  "num_touches": 80.21875,
  "num_touches_std": 14.95354133432947,
  "game_length_steps": 402.0,
  "game_length_steps_std": 0.0,
  "num_games": 32,
  "game_length": 400,
  "checkpoint": "sbatch-tmp/6856525/Puffer-Soccer-replication/experiments/61xajhha/model_045200.pt",
  "epoch": 45200
}