{
  "n_passes": 0.953125,
  "n_passes_std": 0.6887417762666934,
  "mean_pass_length": 9.275329179751374,
  "mean_pass_length_std": 9.622853035262835,
  "n_double_passes": 0.078125,
  "n_double_passes_std": 0.18154609435347266,
  "n_triple_passes": 0.015625,
  "n_triple_passes_std": 0.08699631816921909,
  "n_dribbles": 26.3125,
  "n_dribbles_std": 7.248652892089674,
  "goalie_frac": 0.5481576492537314,
  "goalie_frac_std": 0.14538852513674586,
  "goalie_rotations": 4.328125,
  "goalie_rotations_std": 2.6856370723489427,
  "off_while_def_frac": 0.4332492063602727,
  "off_while_def_frac_std": 0.21074536189112755,
  "off_while_def_mean_count": 0.5985570927858084,
  "off_while_def_mean_count_std": 0.33822987279096056,
  "def_while_off_frac": 1.0,
  "def_while_off_frac_std": 0.0,
  "def_while_off_mean_count": 3.2545552076445237,
  "def_while_off_mean_count_std": 0.34033827311183906,
  "velocity_toward_ball": 0.27958786068484187,
  "velocity_toward_ball_std": 0.038088068704535016,
  "formation_compactness": 16.92872542142868,
  "formation_compactness_std": 1.8075271986237864,
  "mean_forward_press_x": -19.6244300827384,
  "mean_forward_press_x_std": 4.463828719227187,
  "ball_x_entropy": 2.0671139022448197,
  "ball_x_entropy_std": 0.11920836299282044,
  "num_touches": 77.59375,
  "num_touches_std": 13.427721732948594,
  "game_length_steps": 402.0,
  "game_length_steps_std": 0.0,
  "num_games": 32,
  "game_length": 400,
  "checkpoint": "sbatch-tmp/6856525/Puffer-Soccer-replication/experiments/61xajhha/model_044200.pt",
  "epoch": 44200
}