{
  "n_blue": 5,
  "n_red": 5,
  "blue_seeds": [
    106,
    109,
    111,
    112,
    116
  ],
  "red_seeds": [
    104,
    107,
    108,
    119,
    124
  ],
  "blue_goal_steps": [
    236,
    394,
    357,
    174,
    106
  ],
  "red_goal_steps": [
    316,
    204,
    72,
    122,
    344
  ],
  "blue_final_v": [
    0.0454828217625618,
    0.02000577747821808,
    0.053672611713409424,
    0.11640957742929459,
    0.005983396898955107
  ],
  "red_final_v": [
    -0.026249980553984642,
    -0.046610038727521896,
    0.0029205239843577147,
    0.25482967495918274,
    0.01125196274369955
  ],
  "checkpoint": "/scratch/fyy2003/repos/Puffer-Soccer-replication/sbatch-tmp/6856525/Puffer-Soccer-replication/experiments/61xajhha/model_049520.pt"
}