{"losses/clipfrac":0,"losses/approx_kl":0,"agent_steps":99942400,"losses/entropy":2.1967623233795166,"_timestamp":1.7722209329956694e+09,"performance/train_copy":0.6862437725067139,"performance/learn":23.070316791534424,"_runtime":1182.314310171,"self_play/video":{"sha256":"f932bd676ac8130f1f250c4a3c7d9482dda6870f28c76b976231211a87ca19ba","size":359642,"path":"media/videos/self_play/video_99942400_f932bd676ac8130f1f25.gif","_type":"video-file"},"_step":99942400,"losses/policy_loss":2.3841858265427618e-08,"SPS":86855.86787898428,"uptime":1132.1878666877747,"losses/old_approx_kl":0,"learning_rate":0,"performance/train_forward":8.326547622680664,"performance/env":128.5218334197998,"performance/train_misc":3.520275592803955,"losses/value_loss":3.80580843284406e-07,"performance/eval_copy":3.1393866539001465,"losses/explained_variance":0,"performance/eval_misc":37.16750764846802,"losses/importance":1,"performance/train":33.49585723876953,"performance/eval":190.10155510902405,"performance/eval_forward":21.272098064422607,"_wandb":{"runtime":1182},"epoch":1220}