{
  "n_passes": 1.0625,
  "n_passes_std": 0.8172935519138763,
  "mean_pass_length": 11.662030247536798,
  "mean_pass_length_std": 12.810014431846982,
  "n_double_passes": 0.1875,
  "n_double_passes_std": 0.3247595264191645,
  "n_triple_passes": 0.046875,
  "n_triple_passes_std": 0.14574029770451274,
  "n_dribbles": 27.453125,
  "n_dribbles_std": 5.274288125839828,
  "goalie_frac": 0.5377021144278606,
  "goalie_frac_std": 0.14939567433603435,
  "goalie_rotations": 4.328125,
  "goalie_rotations_std": 2.3069506896279774,
  "off_while_def_frac": 0.3349580837651709,
  "off_while_def_frac_std": 0.21335169745059862,
  "off_while_def_mean_count": 0.4605115288731253,
  "off_while_def_mean_count_std": 0.3748973947840571,
  "def_while_off_frac": 0.984375,
  "def_while_off_frac_std": 0.08699631816921909,
  "def_while_off_mean_count": 3.284883284728078,
  "def_while_off_mean_count_std": 0.4920612875389629,
  "velocity_toward_ball": 0.29923141293693334,
  "velocity_toward_ball_std": 0.045043545646790355,
  "formation_compactness": 16.27704119682312,
  "formation_compactness_std": 1.6494641007741777,
  "mean_forward_press_x": -19.595354672288522,
  "mean_forward_press_x_std": 3.672013325528475,
  "ball_x_entropy": 2.0798485623076837,
  "ball_x_entropy_std": 0.16116987762452892,
  "num_touches": 79.6875,
  "num_touches_std": 10.140998163395949,
  "game_length_steps": 402.0,
  "game_length_steps_std": 0.0,
  "num_games": 32,
  "game_length": 400,
  "checkpoint": "sbatch-tmp/6856525/Puffer-Soccer-replication/experiments/61xajhha/model_027200.pt",
  "epoch": 27200
}