{
  "n_passes": 1.09375,
  "n_passes_std": 0.8238391454040043,
  "mean_pass_length": 10.60441867665698,
  "mean_pass_length_std": 9.384040681614588,
  "n_double_passes": 0.125,
  "n_double_passes_std": 0.2795084971874737,
  "n_triple_passes": 0.03125,
  "n_triple_passes_std": 0.12103072956898178,
  "n_dribbles": 27.21875,
  "n_dribbles_std": 6.352826019772618,
  "goalie_frac": 0.5547263681592041,
  "goalie_frac_std": 0.14259917703204178,
  "goalie_rotations": 4.515625,
  "goalie_rotations_std": 3.108668261390237,
  "off_while_def_frac": 0.3790198438145155,
  "off_while_def_frac_std": 0.24677866225188302,
  "off_while_def_mean_count": 0.5127934093926263,
  "off_while_def_mean_count_std": 0.34466665019498866,
  "def_while_off_frac": 1.0,
  "def_while_off_frac_std": 0.0,
  "def_while_off_mean_count": 3.374271933157237,
  "def_while_off_mean_count_std": 0.3595653736518284,
  "velocity_toward_ball": 0.277789430343546,
  "velocity_toward_ball_std": 0.03605092557724103,
  "formation_compactness": 17.135039895772934,
  "formation_compactness_std": 1.7887257736882443,
  "mean_forward_press_x": -19.060591980814934,
  "mean_forward_press_x_std": 3.6089334386540117,
  "ball_x_entropy": 2.0158732915945645,
  "ball_x_entropy_std": 0.17753495044684617,
  "num_touches": 79.6875,
  "num_touches_std": 14.412315697000256,
  "game_length_steps": 402.0,
  "game_length_steps_std": 0.0,
  "num_games": 32,
  "game_length": 400,
  "checkpoint": "sbatch-tmp/6856525/Puffer-Soccer-replication/experiments/61xajhha/model_036200.pt",
  "epoch": 36200
}