{
  "n_passes": 1.25,
  "n_passes_std": 1.1110243021644486,
  "mean_pass_length": 11.956187854909029,
  "mean_pass_length_std": 9.95509245111264,
  "n_double_passes": 0.15625,
  "n_double_passes_std": 0.31715286140913185,
  "n_triple_passes": 0.03125,
  "n_triple_passes_std": 0.17399263633843817,
  "n_dribbles": 25.25,
  "n_dribbles_std": 6.637959023675877,
  "goalie_frac": 0.607314987562189,
  "goalie_frac_std": 0.18070020406490656,
  "goalie_rotations": 5.28125,
  "goalie_rotations_std": 3.1571780813726678,
  "off_while_def_frac": 0.3356018301080421,
  "off_while_def_frac_std": 0.23158823005176016,
  "off_while_def_mean_count": 0.47525493169974686,
  "off_while_def_mean_count_std": 0.3883723669513892,
  "def_while_off_frac": 1.0,
  "def_while_off_frac_std": 0.0,
  "def_while_off_mean_count": 3.2949445995065423,
  "def_while_off_mean_count_std": 0.3716453122715878,
  "velocity_toward_ball": 0.2805649251677096,
  "velocity_toward_ball_std": 0.05088095898377704,
  "formation_compactness": 16.226204186677933,
  "formation_compactness_std": 1.37938639311677,
  "mean_forward_press_x": -21.22998448461294,
  "mean_forward_press_x_std": 4.48518333291505,
  "ball_x_entropy": 2.0124129835823146,
  "ball_x_entropy_std": 0.14036367858447552,
  "num_touches": 75.9375,
  "num_touches_std": 13.988695212563607,
  "game_length_steps": 402.0,
  "game_length_steps_std": 0.0,
  "num_games": 32,
  "game_length": 400,
  "checkpoint": "sbatch-tmp/6856525/Puffer-Soccer-replication/experiments/61xajhha/model_026200.pt",
  "epoch": 26200
}