{
  "n_passes": 0.90625,
  "n_passes_std": 0.7228145941387736,
  "mean_pass_length": 8.121849979739636,
  "mean_pass_length_std": 7.272646918772902,
  "n_double_passes": 0.078125,
  "n_double_passes_std": 0.18154609435347266,
  "n_triple_passes": 0.0,
  "n_triple_passes_std": 0.0,
  "n_dribbles": 26.78125,
  "n_dribbles_std": 6.157994676637842,
  "goalie_frac": 0.5510338930348259,
  "goalie_frac_std": 0.15424499280365947,
  "goalie_rotations": 3.9375,
  "goalie_rotations_std": 2.5395312067387557,
  "off_while_def_frac": 0.38572183232128265,
  "off_while_def_frac_std": 0.2370227420965779,
  "off_while_def_mean_count": 0.4867317577865713,
  "off_while_def_mean_count_std": 0.33087632055380917,
  "def_while_off_frac": 1.0,
  "def_while_off_frac_std": 0.0,
  "def_while_off_mean_count": 3.4253650097094908,
  "def_while_off_mean_count_std": 0.34439507815549425,
  "velocity_toward_ball": 0.26448914781212807,
  "velocity_toward_ball_std": 0.04317157237439144,
  "formation_compactness": 16.55074991285801,
  "formation_compactness_std": 1.7324424243601386,
  "mean_forward_press_x": -20.74979607015848,
  "mean_forward_press_x_std": 4.100811319549537,
  "ball_x_entropy": 2.0251442917174685,
  "ball_x_entropy_std": 0.13830299076263744,
  "num_touches": 78.34375,
  "num_touches_std": 12.249003467119275,
  "game_length_steps": 402.0,
  "game_length_steps_std": 0.0,
  "num_games": 32,
  "game_length": 400,
  "checkpoint": "sbatch-tmp/6856525/Puffer-Soccer-replication/experiments/61xajhha/model_030200.pt",
  "epoch": 30200
}