{
  "n_passes": 0.984375,
  "n_passes_std": 0.7233210624439191,
  "mean_pass_length": 11.647112843890984,
  "mean_pass_length_std": 11.0085751566801,
  "n_double_passes": 0.109375,
  "n_double_passes_std": 0.20669932117692114,
  "n_triple_passes": 0.0,
  "n_triple_passes_std": 0.0,
  "n_dribbles": 24.0625,
  "n_dribbles_std": 4.532435189828973,
  "goalie_frac": 0.46509639303482586,
  "goalie_frac_std": 0.1621918498415694,
  "goalie_rotations": 2.546875,
  "goalie_rotations_std": 1.8971993132971032,
  "off_while_def_frac": 0.3728089859002469,
  "off_while_def_frac_std": 0.22648940388311475,
  "off_while_def_mean_count": 0.5417556172058604,
  "off_while_def_mean_count_std": 0.41952994713997627,
  "def_while_off_frac": 0.9810739436619718,
  "def_while_off_frac_std": 0.0883346337841989,
  "def_while_off_mean_count": 3.348226639380944,
  "def_while_off_mean_count_std": 0.5109740807781337,
  "velocity_toward_ball": 0.27353388885967433,
  "velocity_toward_ball_std": 0.03235065198654466,
  "formation_compactness": 16.4093636572361,
  "formation_compactness_std": 1.4532981002259677,
  "mean_forward_press_x": -17.752352610230446,
  "mean_forward_press_x_std": 3.865301851056903,
  "ball_x_entropy": 2.042827558912772,
  "ball_x_entropy_std": 0.13070924872377349,
  "num_touches": 73.25,
  "num_touches_std": 10.428326807307105,
  "game_length_steps": 402.0,
  "game_length_steps_std": 0.0,
  "num_games": 32,
  "game_length": 400,
  "checkpoint": "sbatch-tmp/6856525/Puffer-Soccer-replication/experiments/61xajhha/model_020200.pt",
  "epoch": 20200
}