{
  "n_passes": 0.71875,
  "n_passes_std": 0.4990224819584785,
  "mean_pass_length": 12.797928536310792,
  "mean_pass_length_std": 11.281227015747202,
  "n_double_passes": 0.0625,
  "n_double_passes_std": 0.16535945694153692,
  "n_triple_passes": 0.015625,
  "n_triple_passes_std": 0.08699631816921909,
  "n_dribbles": 17.6875,
  "n_dribbles_std": 5.419510471435589,
  "goalie_frac": 0.37554415422885573,
  "goalie_frac_std": 0.14623949525355634,
  "goalie_rotations": 2.0625,
  "goalie_rotations_std": 2.1093171288357757,
  "off_while_def_frac": 0.3762324850498956,
  "off_while_def_frac_std": 0.22672327577292195,
  "off_while_def_mean_count": 0.5680120650205898,
  "off_while_def_mean_count_std": 0.39420128857692577,
  "def_while_off_frac": 0.96875,
  "def_while_off_frac_std": 0.12103072956898178,
  "def_while_off_mean_count": 3.2582475534789306,
  "def_while_off_mean_count_std": 0.5823196338690352,
  "velocity_toward_ball": 0.23952931421808898,
  "velocity_toward_ball_std": 0.04677264587806296,
  "formation_compactness": 16.67067641019821,
  "formation_compactness_std": 2.124171331085627,
  "mean_forward_press_x": -15.962398696225137,
  "mean_forward_press_x_std": 3.192944450496312,
  "ball_x_entropy": 1.969749700210678,
  "ball_x_entropy_std": 0.2519001264150914,
  "num_touches": 53.5625,
  "num_touches_std": 13.59902914733254,
  "game_length_steps": 402.0,
  "game_length_steps_std": 0.0,
  "num_games": 32,
  "game_length": 400,
  "checkpoint": "sbatch-tmp/6856525/Puffer-Soccer-replication/experiments/61xajhha/model_007200.pt",
  "epoch": 7200
}