{
  "n_passes": 0.953125,
  "n_passes_std": 0.7219696907592451,
  "mean_pass_length": 10.604314059019089,
  "mean_pass_length_std": 9.667523814393368,
  "n_double_passes": 0.125,
  "n_double_passes_std": 0.30618621784789724,
  "n_triple_passes": 0.015625,
  "n_triple_passes_std": 0.08699631816921909,
  "n_dribbles": 24.921875,
  "n_dribbles_std": 6.4276130082928145,
  "goalie_frac": 0.5353311567164178,
  "goalie_frac_std": 0.13934021487847287,
  "goalie_rotations": 4.265625,
  "goalie_rotations_std": 2.471665604278823,
  "off_while_def_frac": 0.39851188203082777,
  "off_while_def_frac_std": 0.2592872195268106,
  "off_while_def_mean_count": 0.47275828236896983,
  "off_while_def_mean_count_std": 0.33564580793869797,
  "def_while_off_frac": 0.9816417703640135,
  "def_while_off_frac_std": 0.08727083779533183,
  "def_while_off_mean_count": 3.2972083766046882,
  "def_while_off_mean_count_std": 0.4673640447511384,
  "velocity_toward_ball": 0.2606633307877928,
  "velocity_toward_ball_std": 0.04801423098473393,
  "formation_compactness": 16.269588455557823,
  "formation_compactness_std": 1.6833540815625558,
  "mean_forward_press_x": -19.79503671452403,
  "mean_forward_press_x_std": 3.899256666476179,
  "ball_x_entropy": 2.0333190149724434,
  "ball_x_entropy_std": 0.22096050468923992,
  "num_touches": 73.9375,
  "num_touches_std": 15.107815651178697,
  "game_length_steps": 402.0,
  "game_length_steps_std": 0.0,
  "num_games": 32,
  "game_length": 400,
  "checkpoint": "sbatch-tmp/6856525/Puffer-Soccer-replication/experiments/61xajhha/model_047200.pt",
  "epoch": 47200
}