{
  "n_passes": 0.828125,
  "n_passes_std": 0.6073684914242753,
  "mean_pass_length": 11.38167229372387,
  "mean_pass_length_std": 12.125938750874768,
  "n_double_passes": 0.046875,
  "n_double_passes_std": 0.14574029770451274,
  "n_triple_passes": 0.015625,
  "n_triple_passes_std": 0.08699631816921909,
  "n_dribbles": 26.3125,
  "n_dribbles_std": 6.5619047349073885,
  "goalie_frac": 0.5076181592039801,
  "goalie_frac_std": 0.19060178040039966,
  "goalie_rotations": 3.6875,
  "goalie_rotations_std": 2.9281766937806197,
  "off_while_def_frac": 0.3677951890779746,
  "off_while_def_frac_std": 0.21564403686894765,
  "off_while_def_mean_count": 0.532044141374412,
  "off_while_def_mean_count_std": 0.3971297920708024,
  "def_while_off_frac": 0.953125,
  "def_while_off_frac_std": 0.14574029770451274,
  "def_while_off_mean_count": 3.1657923126887733,
  "def_while_off_mean_count_std": 0.7891320996156798,
  "velocity_toward_ball": 0.2687955958535895,
  "velocity_toward_ball_std": 0.04734209523821296,
  "formation_compactness": 16.219278216362,
  "formation_compactness_std": 1.403086980060963,
  "mean_forward_press_x": -17.788570511853322,
  "mean_forward_press_x_std": 5.150817283676009,
  "ball_x_entropy": 1.974693542966019,
  "ball_x_entropy_std": 0.2081215501182454,
  "num_touches": 77.84375,
  "num_touches_std": 15.480046380340726,
  "game_length_steps": 402.0,
  "game_length_steps_std": 0.0,
  "num_games": 32,
  "game_length": 400,
  "checkpoint": "sbatch-tmp/6856525/Puffer-Soccer-replication/experiments/61xajhha/model_038200.pt",
  "epoch": 38200
}