{
  "n_passes": 0.6875,
  "n_passes_std": 0.582961190818051,
  "mean_pass_length": 10.893698611607153,
  "mean_pass_length_std": 11.990912576294871,
  "n_double_passes": 0.046875,
  "n_double_passes_std": 0.14574029770451274,
  "n_triple_passes": 0.0,
  "n_triple_passes_std": 0.0,
  "n_dribbles": 23.046875,
  "n_dribbles_std": 6.043280585441569,
  "goalie_frac": 0.4451570273631841,
  "goalie_frac_std": 0.14529044247013068,
  "goalie_rotations": 2.625,
  "goalie_rotations_std": 1.571225636247067,
  "off_while_def_frac": 0.34979382061914055,
  "off_while_def_frac_std": 0.23845699554443986,
  "off_while_def_mean_count": 0.5143261554186194,
  "off_while_def_mean_count_std": 0.4308128447037785,
  "def_while_off_frac": 1.0,
  "def_while_off_frac_std": 0.0,
  "def_while_off_mean_count": 3.438830168492254,
  "def_while_off_mean_count_std": 0.4026697924270616,
  "velocity_toward_ball": 0.29020499624311924,
  "velocity_toward_ball_std": 0.048278279597354166,
  "formation_compactness": 16.034653693437576,
  "formation_compactness_std": 1.6771470535952184,
  "mean_forward_press_x": -17.759570982307196,
  "mean_forward_press_x_std": 3.8624775695189726,
  "ball_x_entropy": 2.02251889614484,
  "ball_x_entropy_std": 0.16341019534137724,
  "num_touches": 69.34375,
  "num_touches_std": 13.13537536340321,
  "game_length_steps": 402.0,
  "game_length_steps_std": 0.0,
  "num_games": 32,
  "game_length": 400,
  "checkpoint": "sbatch-tmp/6856525/Puffer-Soccer-replication/experiments/61xajhha/model_018200.pt",
  "epoch": 18200
}