{
  "n_passes": 1.015625,
  "n_passes_std": 0.7124383196986248,
  "mean_pass_length": 14.511494410224259,
  "mean_pass_length_std": 13.093864938239003,
  "n_double_passes": 0.078125,
  "n_double_passes_std": 0.18154609435347266,
  "n_triple_passes": 0.0,
  "n_triple_passes_std": 0.0,
  "n_dribbles": 27.09375,
  "n_dribbles_std": 6.792042103631278,
  "goalie_frac": 0.48441386815920395,
  "goalie_frac_std": 0.1471346196387892,
  "goalie_rotations": 3.65625,
  "goalie_rotations_std": 2.6470428665777215,
  "off_while_def_frac": 0.3668320364005054,
  "off_while_def_frac_std": 0.23861720868908484,
  "off_while_def_mean_count": 0.5747764902941996,
  "off_while_def_mean_count_std": 0.4712413342109203,
  "def_while_off_frac": 0.984375,
  "def_while_off_frac_std": 0.08699631816921909,
  "def_while_off_mean_count": 3.227501669366326,
  "def_while_off_mean_count_std": 0.4726554172110633,
  "velocity_toward_ball": 0.2856258926913142,
  "velocity_toward_ball_std": 0.04104752633558168,
  "formation_compactness": 16.633265018463135,
  "formation_compactness_std": 1.4309273720676121,
  "mean_forward_press_x": -18.863601431250572,
  "mean_forward_press_x_std": 4.987061194318782,
  "ball_x_entropy": 2.054546519550324,
  "ball_x_entropy_std": 0.11744318742998919,
  "num_touches": 79.3125,
  "num_touches_std": 13.477846406232711,
  "game_length_steps": 402.0,
  "game_length_steps_std": 0.0,
  "num_games": 32,
  "game_length": 400,
  "checkpoint": "sbatch-tmp/6856525/Puffer-Soccer-replication/experiments/61xajhha/model_039200.pt",
  "epoch": 39200
}