{
  "n_passes": 1.03125,
  "n_passes_std": 0.7597028613214512,
  "mean_pass_length": 8.032084756468734,
  "mean_pass_length_std": 6.37609424178701,
  "n_double_passes": 0.171875,
  "n_double_passes_std": 0.26836818808308854,
  "n_triple_passes": 0.03125,
  "n_triple_passes_std": 0.12103072956898178,
  "n_dribbles": 25.578125,
  "n_dribbles_std": 6.134061377617198,
  "goalie_frac": 0.5393734452736318,
  "goalie_frac_std": 0.1399822332560923,
  "goalie_rotations": 3.8125,
  "goalie_rotations_std": 2.1350863565673404,
  "off_while_def_frac": 0.41989158259203163,
  "off_while_def_frac_std": 0.25156116104101617,
  "off_while_def_mean_count": 0.5273231514367325,
  "off_while_def_mean_count_std": 0.31292641363260437,
  "def_while_off_frac": 1.0,
  "def_while_off_frac_std": 0.0,
  "def_while_off_mean_count": 3.308678100490982,
  "def_while_off_mean_count_std": 0.35658245766962304,
  "velocity_toward_ball": 0.2822390638757497,
  "velocity_toward_ball_std": 0.03489572621875754,
  "formation_compactness": 16.855758488178253,
  "formation_compactness_std": 1.8293476333169842,
  "mean_forward_press_x": -18.747734361328185,
  "mean_forward_press_x_std": 4.761608311209251,
  "ball_x_entropy": 2.060808050536296,
  "ball_x_entropy_std": 0.156320865774027,
  "num_touches": 76.21875,
  "num_touches_std": 14.940997237048805,
  "game_length_steps": 402.0,
  "game_length_steps_std": 0.0,
  "num_games": 32,
  "game_length": 400,
  "checkpoint": "sbatch-tmp/6856525/Puffer-Soccer-replication/experiments/61xajhha/model_037200.pt",
  "epoch": 37200
}