{
  "n_passes": 0.546875,
  "n_passes_std": 0.5910712599805543,
  "mean_pass_length": 13.323276116823155,
  "mean_pass_length_std": 18.724456749970656,
  "n_double_passes": 0.046875,
  "n_double_passes_std": 0.19200321449132043,
  "n_triple_passes": 0.015625,
  "n_triple_passes_std": 0.08699631816921909,
  "n_dribbles": 9.796875,
  "n_dribbles_std": 4.03473081312434,
  "goalie_frac": 0.43236940298507465,
  "goalie_frac_std": 0.1932616180805972,
  "goalie_rotations": 1.03125,
  "goalie_rotations_std": 0.8094896154367887,
  "off_while_def_frac": 0.3389790355968962,
  "off_while_def_frac_std": 0.2301851565193498,
  "off_while_def_mean_count": 0.43252979891712473,
  "off_while_def_mean_count_std": 0.32762620898442046,
  "def_while_off_frac": 0.9375,
  "def_while_off_frac_std": 0.16535945694153692,
  "def_while_off_mean_count": 3.43755392974256,
  "def_while_off_mean_count_std": 0.7218124132962873,
  "velocity_toward_ball": 0.17292124251252972,
  "velocity_toward_ball_std": 0.04539928794645056,
  "formation_compactness": 17.04799385368824,
  "formation_compactness_std": 1.7395368502781225,
  "mean_forward_press_x": -18.64063716889359,
  "mean_forward_press_x_std": 2.984410589041703,
  "ball_x_entropy": 1.6914893190628166,
  "ball_x_entropy_std": 0.271723188816083,
  "num_touches": 29.09375,
  "num_touches_std": 10.342144890567914,
  "game_length_steps": 402.0,
  "game_length_steps_std": 0.0,
  "num_games": 32,
  "game_length": 400,
  "checkpoint": "sbatch-tmp/6856525/Puffer-Soccer-replication/experiments/61xajhha/model_004200.pt",
  "epoch": 4200
}