{
  "n_passes": 0.828125,
  "n_passes_std": 0.766581035752255,
  "mean_pass_length": 12.643277555828295,
  "mean_pass_length_std": 14.8749456527481,
  "n_double_passes": 0.0625,
  "n_double_passes_std": 0.16535945694153692,
  "n_triple_passes": 0.015625,
  "n_triple_passes_std": 0.08699631816921909,
  "n_dribbles": 23.9375,
  "n_dribbles_std": 6.5998934650492656,
  "goalie_frac": 0.556514303482587,
  "goalie_frac_std": 0.15808071700955362,
  "goalie_rotations": 3.40625,
  "goalie_rotations_std": 1.8558922214126552,
  "off_while_def_frac": 0.33103831731732614,
  "off_while_def_frac_std": 0.23677390768586826,
  "off_while_def_mean_count": 0.4519037162744157,
  "off_while_def_mean_count_std": 0.399595216253524,
  "def_while_off_frac": 0.984375,
  "def_while_off_frac_std": 0.08699631816921909,
  "def_while_off_mean_count": 3.3276821811006565,
  "def_while_off_mean_count_std": 0.5258554686468312,
  "velocity_toward_ball": 0.2512107884977013,
  "velocity_toward_ball_std": 0.05252247295565128,
  "formation_compactness": 17.000501066446304,
  "formation_compactness_std": 1.4299317929239375,
  "mean_forward_press_x": -20.08149802684784,
  "mean_forward_press_x_std": 3.973451999083146,
  "ball_x_entropy": 1.9897173155601453,
  "ball_x_entropy_std": 0.30559150346269964,
  "num_touches": 71.4375,
  "num_touches_std": 15.765741141792224,
  "game_length_steps": 402.0,
  "game_length_steps_std": 0.0,
  "num_games": 32,
  "game_length": 400,
  "checkpoint": "sbatch-tmp/6856525/Puffer-Soccer-replication/experiments/61xajhha/model_024200.pt",
  "epoch": 24200
}