{
  "n_passes": 0.984375,
  "n_passes_std": 0.8613613407711075,
  "mean_pass_length": 10.362918776149552,
  "mean_pass_length_std": 10.093890533249922,
  "n_double_passes": 0.09375,
  "n_double_passes_std": 0.23175620272173947,
  "n_triple_passes": 0.015625,
  "n_triple_passes_std": 0.08699631816921909,
  "n_dribbles": 24.578125,
  "n_dribbles_std": 4.899153904948792,
  "goalie_frac": 0.546875,
  "goalie_frac_std": 0.1790308930331312,
  "goalie_rotations": 4.90625,
  "goalie_rotations_std": 3.267829698362508,
  "off_while_def_frac": 0.4313576409796673,
  "off_while_def_frac_std": 0.2466989758794092,
  "off_while_def_mean_count": 0.594263726726564,
  "off_while_def_mean_count_std": 0.3932171821009161,
  "def_while_off_frac": 0.94921875,
  "def_while_off_frac_std": 0.14610628288488314,
  "def_while_off_mean_count": 3.173627589434162,
  "def_while_off_mean_count_std": 0.6632063226056971,
  "velocity_toward_ball": 0.28052306780591607,
  "velocity_toward_ball_std": 0.04165923982821585,
  "formation_compactness": 16.51988346874714,
  "formation_compactness_std": 2.1730843982703636,
  "mean_forward_press_x": -19.072964273393154,
  "mean_forward_press_x_std": 4.854217600959538,
  "ball_x_entropy": 1.991644661701642,
  "ball_x_entropy_std": 0.18158378115912013,
  "num_touches": 73.3125,
  "num_touches_std": 10.399631904543545,
  "game_length_steps": 402.0,
  "game_length_steps_std": 0.0,
  "num_games": 32,
  "game_length": 400,
  "checkpoint": "sbatch-tmp/6856525/Puffer-Soccer-replication/experiments/61xajhha/model_033200.pt",
  "epoch": 33200
}