{
  "n_passes": 1.015625,
  "n_passes_std": 0.8969076649103853,
  "mean_pass_length": 11.27526741536955,
  "mean_pass_length_std": 11.196198778494093,
  "n_double_passes": 0.0625,
  "n_double_passes_std": 0.2072890493972125,
  "n_triple_passes": 0.015625,
  "n_triple_passes_std": 0.08699631816921909,
  "n_dribbles": 26.796875,
  "n_dribbles_std": 5.870822151485684,
  "goalie_frac": 0.5315609452736318,
  "goalie_frac_std": 0.12615213002204437,
  "goalie_rotations": 4.578125,
  "goalie_rotations_std": 2.3255018779555954,
  "off_while_def_frac": 0.27850860475990247,
  "off_while_def_frac_std": 0.21660538200597454,
  "off_while_def_mean_count": 0.3782374630866826,
  "off_while_def_mean_count_std": 0.33169078558792753,
  "def_while_off_frac": 0.9375,
  "def_while_off_frac_std": 0.16535945694153692,
  "def_while_off_mean_count": 3.1109835664736747,
  "def_while_off_mean_count_std": 0.6686909391926253,
  "velocity_toward_ball": 0.2973870432469994,
  "velocity_toward_ball_std": 0.03718666109333626,
  "formation_compactness": 16.447877049446106,
  "formation_compactness_std": 1.7216199408658712,
  "mean_forward_press_x": -19.3552514500916,
  "mean_forward_press_x_std": 4.051493712886824,
  "ball_x_entropy": 1.999595540071493,
  "ball_x_entropy_std": 0.16532793377767843,
  "num_touches": 79.96875,
  "num_touches_std": 11.644431005313226,
  "game_length_steps": 402.0,
  "game_length_steps_std": 0.0,
  "num_games": 32,
  "game_length": 400,
  "checkpoint": "sbatch-tmp/6856525/Puffer-Soccer-replication/experiments/61xajhha/model_040200.pt",
  "epoch": 40200
}