{
  "n_passes": 1.03125,
  "n_passes_std": 0.7173900177030623,
  "mean_pass_length": 13.24885889030993,
  "mean_pass_length_std": 11.214092533600455,
  "n_double_passes": 0.078125,
  "n_double_passes_std": 0.18154609435347266,
  "n_triple_passes": 0.015625,
  "n_triple_passes_std": 0.08699631816921909,
  "n_dribbles": 25.25,
  "n_dribbles_std": 5.342927568290627,
  "goalie_frac": 0.6230954601990051,
  "goalie_frac_std": 0.13217093962647986,
  "goalie_rotations": 4.375,
  "goalie_rotations_std": 2.0953818267800264,
  "off_while_def_frac": 0.26454968856887207,
  "off_while_def_frac_std": 0.21812695362394555,
  "off_while_def_mean_count": 0.32814710093187127,
  "off_while_def_mean_count_std": 0.2952616246825523,
  "def_while_off_frac": 1.0,
  "def_while_off_frac_std": 0.0,
  "def_while_off_mean_count": 3.4906777094101944,
  "def_while_off_mean_count_std": 0.3702202637846115,
  "velocity_toward_ball": 0.28584731346927583,
  "velocity_toward_ball_std": 0.03193989911385461,
  "formation_compactness": 16.006594955921173,
  "formation_compactness_std": 1.7841616769878204,
  "mean_forward_press_x": -21.997553624212742,
  "mean_forward_press_x_std": 3.0274806406730543,
  "ball_x_entropy": 2.0662875099664517,
  "ball_x_entropy_std": 0.10175880104251359,
  "num_touches": 75.875,
  "num_touches_std": 11.518327786619029,
  "game_length_steps": 402.0,
  "game_length_steps_std": 0.0,
  "num_games": 32,
  "game_length": 400,
  "checkpoint": "sbatch-tmp/6856525/Puffer-Soccer-replication/experiments/61xajhha/model_022200.pt",
  "epoch": 22200
}