{
  "n_passes": 1.3125,
  "n_passes_std": 0.9416574483324602,
  "mean_pass_length": 14.304718981372812,
  "mean_pass_length_std": 11.692117549971062,
  "n_double_passes": 0.15625,
  "n_double_passes_std": 0.23175620272173947,
  "n_triple_passes": 0.0,
  "n_triple_passes_std": 0.0,
  "n_dribbles": 24.4375,
  "n_dribbles_std": 6.100397015768728,
  "goalie_frac": 0.5892801616915424,
  "goalie_frac_std": 0.16181758576757208,
  "goalie_rotations": 4.21875,
  "goalie_rotations_std": 2.6953011775124502,
  "off_while_def_frac": 0.39860840439522593,
  "off_while_def_frac_std": 0.23378059370061047,
  "off_while_def_mean_count": 0.5863115008967179,
  "off_while_def_mean_count_std": 0.44618157570831224,
  "def_while_off_frac": 1.0,
  "def_while_off_frac_std": 0.0,
  "def_while_off_mean_count": 3.227256030359432,
  "def_while_off_mean_count_std": 0.30838132630121473,
  "velocity_toward_ball": 0.27801622136030346,
  "velocity_toward_ball_std": 0.05061370018169984,
  "formation_compactness": 16.71622261404991,
  "formation_compactness_std": 1.7082971426144076,
  "mean_forward_press_x": -19.51801312714815,
  "mean_forward_press_x_std": 3.5516821242762506,
  "ball_x_entropy": 2.080832744006286,
  "ball_x_entropy_std": 0.10892699314125326,
  "num_touches": 74.3125,
  "num_touches_std": 12.615559589253264,
  "game_length_steps": 402.0,
  "game_length_steps_std": 0.0,
  "num_games": 32,
  "game_length": 400,
  "checkpoint": "sbatch-tmp/6856525/Puffer-Soccer-replication/experiments/61xajhha/model_025200.pt",
  "epoch": 25200
}