{
  "n_passes": 1.140625,
  "n_passes_std": 0.7096915593234853,
  "mean_pass_length": 13.961007262021303,
  "mean_pass_length_std": 12.109572374182099,
  "n_double_passes": 0.15625,
  "n_double_passes_std": 0.2633171804117612,
  "n_triple_passes": 0.03125,
  "n_triple_passes_std": 0.12103072956898178,
  "n_dribbles": 28.359375,
  "n_dribbles_std": 7.767353932284469,
  "goalie_frac": 0.5648320895522387,
  "goalie_frac_std": 0.15675859652631138,
  "goalie_rotations": 4.421875,
  "goalie_rotations_std": 2.5590201219167854,
  "off_while_def_frac": 0.46412031015028954,
  "off_while_def_frac_std": 0.26975385875253244,
  "off_while_def_mean_count": 0.6337272519245838,
  "off_while_def_mean_count_std": 0.41656158897215556,
  "def_while_off_frac": 0.9985119047619048,
  "def_while_off_frac_std": 0.008285363635163733,
  "def_while_off_mean_count": 3.2815592328056455,
  "def_while_off_mean_count_std": 0.36695428821939113,
  "velocity_toward_ball": 0.26840540987905115,
  "velocity_toward_ball_std": 0.04591280320127989,
  "formation_compactness": 16.541667863726616,
  "formation_compactness_std": 1.8966891391700844,
  "mean_forward_press_x": -19.029176272451878,
  "mean_forward_press_x_std": 4.155196645138735,
  "ball_x_entropy": 2.049910247990243,
  "ball_x_entropy_std": 0.10621721856545377,
  "num_touches": 82.90625,
  "num_touches_std": 16.405714276967643,
  "game_length_steps": 402.0,
  "game_length_steps_std": 0.0,
  "num_games": 32,
  "game_length": 400,
  "checkpoint": "sbatch-tmp/6856525/Puffer-Soccer-replication/experiments/61xajhha/model_049200.pt",
  "epoch": 49200
}