{
  "n_passes": 0.84375,
  "n_passes_std": 0.592102978796763,
  "mean_pass_length": 10.62253887904808,
  "mean_pass_length_std": 10.871465532771479,
  "n_double_passes": 0.078125,
  "n_double_passes_std": 0.22041774968227945,
  "n_triple_passes": 0.0,
  "n_triple_passes_std": 0.0,
  "n_dribbles": 28.921875,
  "n_dribbles_std": 6.862613130898098,
  "goalie_frac": 0.5358753109452736,
  "goalie_frac_std": 0.17717772726024386,
  "goalie_rotations": 4.640625,
  "goalie_rotations_std": 3.2070098393012456,
  "off_while_def_frac": 0.40511300283977636,
  "off_while_def_frac_std": 0.21949574487440096,
  "off_while_def_mean_count": 0.527726253183634,
  "off_while_def_mean_count_std": 0.2969782743998566,
  "def_while_off_frac": 0.980667372881356,
  "def_while_off_frac_std": 0.08876168932552166,
  "def_while_off_mean_count": 3.301223648107017,
  "def_while_off_mean_count_std": 0.5479193759832574,
  "velocity_toward_ball": 0.25860459788236767,
  "velocity_toward_ball_std": 0.040069421572512094,
  "formation_compactness": 16.864988058805466,
  "formation_compactness_std": 2.1344526817581113,
  "mean_forward_press_x": -19.721354946494102,
  "mean_forward_press_x_std": 3.98417975297141,
  "ball_x_entropy": 2.056468987259447,
  "ball_x_entropy_std": 0.12325409213885855,
  "num_touches": 82.40625,
  "num_touches_std": 13.432375476344458,
  "game_length_steps": 402.0,
  "game_length_steps_std": 0.0,
  "num_games": 32,
  "game_length": 400,
  "checkpoint": "sbatch-tmp/6856525/Puffer-Soccer-replication/experiments/61xajhha/model_029200.pt",
  "epoch": 29200
}