{
  "n_passes": 0.96875,
  "n_passes_std": 0.7799989983967928,
  "mean_pass_length": 12.367346638503173,
  "mean_pass_length_std": 10.686513543131833,
  "n_double_passes": 0.109375,
  "n_double_passes_std": 0.2415566380271923,
  "n_triple_passes": 0.015625,
  "n_triple_passes_std": 0.08699631816921909,
  "n_dribbles": 24.171875,
  "n_dribbles_std": 4.966464686713779,
  "goalie_frac": 0.5755985696517413,
  "goalie_frac_std": 0.13639469529889775,
  "goalie_rotations": 5.25,
  "goalie_rotations_std": 3.0669610365963242,
  "off_while_def_frac": 0.3031995695497881,
  "off_while_def_frac_std": 0.22740623973920884,
  "off_while_def_mean_count": 0.429423504528062,
  "off_while_def_mean_count_std": 0.4014841169789823,
  "def_while_off_frac": 0.9830123546511628,
  "def_while_off_frac_std": 0.08708236090389818,
  "def_while_off_mean_count": 3.404297683712925,
  "def_while_off_mean_count_std": 0.5438214498464365,
  "velocity_toward_ball": 0.2747707806993276,
  "velocity_toward_ball_std": 0.04925904151044945,
  "formation_compactness": 16.077715575695038,
  "formation_compactness_std": 1.5843624457141883,
  "mean_forward_press_x": -21.281058326363564,
  "mean_forward_press_x_std": 4.802745724037489,
  "ball_x_entropy": 2.036370522076348,
  "ball_x_entropy_std": 0.15080880286558218,
  "num_touches": 73.90625,
  "num_touches_std": 11.854217010730823,
  "game_length_steps": 402.0,
  "game_length_steps_std": 0.0,
  "num_games": 32,
  "game_length": 400,
  "checkpoint": "sbatch-tmp/6856525/Puffer-Soccer-replication/experiments/61xajhha/model_034200.pt",
  "epoch": 34200
}