{
  "n_passes": 1.046875,
  "n_passes_std": 0.6656690126293998,
  "mean_pass_length": 9.944973854658505,
  "mean_pass_length_std": 7.250704645261128,
  "n_double_passes": 0.125,
  "n_double_passes_std": 0.25,
  "n_triple_passes": 0.015625,
  "n_triple_passes_std": 0.08699631816921909,
  "n_dribbles": 26.9375,
  "n_dribbles_std": 8.163131675404973,
  "goalie_frac": 0.5386738184079602,
  "goalie_frac_std": 0.17893417553320556,
  "goalie_rotations": 4.25,
  "goalie_rotations_std": 2.4238399287081647,
  "off_while_def_frac": 0.3760413753015291,
  "off_while_def_frac_std": 0.22375545307138447,
  "off_while_def_mean_count": 0.5474317310655721,
  "off_while_def_mean_count_std": 0.40344035825309876,
  "def_while_off_frac": 0.9947134568938361,
  "def_while_off_frac_std": 0.028441992232242762,
  "def_while_off_mean_count": 3.320844333925911,
  "def_while_off_mean_count_std": 0.5086685353795145,
  "velocity_toward_ball": 0.27319031849037856,
  "velocity_toward_ball_std": 0.051934357110231186,
  "formation_compactness": 16.95130267739296,
  "formation_compactness_std": 2.171381465816574,
  "mean_forward_press_x": -19.490612480789423,
  "mean_forward_press_x_std": 5.64197844663145,
  "ball_x_entropy": 2.0557412959695656,
  "ball_x_entropy_std": 0.15372117788154172,
  "num_touches": 77.21875,
  "num_touches_std": 16.97191499028616,
  "game_length_steps": 402.0,
  "game_length_steps_std": 0.0,
  "num_games": 32,
  "game_length": 400,
  "checkpoint": "sbatch-tmp/6856525/Puffer-Soccer-replication/experiments/61xajhha/model_041200.pt",
  "epoch": 41200
}