{"losses/explained_variance":1.7881393432617188e-07,"performance/env":1.5553970336914062,"losses/value_loss":3.1081374629593483e-07,"performance/train":0.3889782428741455,"performance/eval_misc":0.38676977157592773,"performance/eval":2.2388620376586914,"epoch":12,"losses/approx_kl":0,"_runtime":60.154365862,"performance/learn":0.24131226539611816,"learning_rate":0,"SPS":93665.98924959233,"_wandb":{"runtime":60},"self_play_video":{"size":889394,"path":"media/videos/self_play_video_983040_ef9e190d86abaa381ecc.gif","_type":"video-file","sha256":"ef9e190d86abaa381ecc9e5baca2707370bb169e1885226c36a7f67fa55ec46f"},"_timestamp":1.772221589925502e+09,"losses/entropy":2.196899652481079,"performance/eval_copy":0.03781390190124512,"performance/train_forward":0.11417889595031738,"losses/importance":1,"performance/train_copy":0.00902247428894043,"_step":983040,"losses/clipfrac":0,"losses/policy_loss":-1.9073485901799359e-07,"agent_steps":983040,"losses/old_approx_kl":-3.345485311001539e-08,"uptime":10.676146745681763,"performance/train_misc":0.02113056182861328,"performance/eval_forward":0.25887393951416016}